image,model,prompt_tokens,completion_tokens,total_tokens
2019713425-623.jpg,google/gemini-3.5-flash,4951,1283,6234
2019713429-846.jpg,google/gemini-3.5-flash,4978,1192,6170
2019713423-357.jpg,google/gemini-3.5-flash,4978,1520,6498
2019713425-391.jpg,google/gemini-3.5-flash,4971,1559,6530
2019713429-85.jpg,google/gemini-3.5-flash,4989,1686,6675
2019713430-1723.jpg,google/gemini-3.5-flash,4951,1722,6673
2019713421-5.jpg,google/gemini-3.5-flash,4963,1491,6454
2019713424-379.jpg,google/gemini-3.5-flash,4946,2052,6998
2019713431-394.jpg,google/gemini-3.5-flash,4963,788,5751
2019713432-1462.jpg,google/gemini-3.5-flash,4951,594,5545
2019713416-764.jpg,google/gemini-3.5-flash,4978,2616,7594
2019713428-610.jpg,google/gemini-3.5-flash,4951,2628,7579
2019713431-55.jpg,google/gemini-3.5-flash,4951,1473,6424
2019713414-133.jpg,google/gemini-3.5-flash,4960,4005,8965
2019713431-213.jpg,google/gemini-3.5-flash,4951,2089,7040
2019713436-721.jpg,google/gemini-3.5-flash,4951,1260,6211
2019713432-1588.jpg,google/gemini-3.5-flash,4978,1991,6969
2019713438-1107.jpg,google/gemini-3.5-flash,4963,1373,6336
2019713434-805.jpg,google/gemini-3.5-flash,4935,2247,7182
2019713418-213.jpg,google/gemini-3.5-flash,4958,1959,6917
2019713438-469.jpg,google/gemini-3.5-flash,4946,1213,6159
2019713436-1624.jpg,google/gemini-3.5-flash,4963,2454,7417
2019713437-100.jpg,google/gemini-3.5-flash,4978,1969,6947
2019713437-183.jpg,google/gemini-3.5-flash,4937,2355,7292
2019713437-719.jpg,google/gemini-3.5-flash,4946,2636,7582
2019713439-1945.jpg,google/gemini-3.5-flash,4937,1173,6110
2019713438-248.jpg,google/gemini-3.5-flash,4937,2325,7262
2019713442-2128.jpg,google/gemini-3.5-flash,4935,1113,6048
2019713439-1709.jpg,google/gemini-3.5-flash,4963,2528,7491
2019713442-2207.jpg,google/gemini-3.5-flash,4981,1415,6396
2019713442-145.jpg,google/gemini-3.5-flash,4951,1731,6682
2019713440-1687.jpg,google/gemini-3.5-flash,4963,2366,7329
2019713440-464.jpg,google/gemini-3.5-flash,4963,2413,7376
2019713441-1592.jpg,google/gemini-3.5-flash,4944,1106,6050
2019713439-1586.jpg,google/gemini-3.5-flash,4951,3928,8879
2019713442-1089.jpg,google/gemini-3.5-flash,4963,2751,7714
2019713442-42.jpg,google/gemini-3.5-flash,4937,2104,7041
2019713443-844.jpg,google/gemini-3.5-flash,4951,1262,6213
2019713445-1752.jpg,google/gemini-3.5-flash,4981,1008,5989
2019713443-998.jpg,google/gemini-3.5-flash,4946,1487,6433
2019713445-2433.jpg,google/gemini-3.5-flash,4937,1419,6356
2019713446-2471.jpg,google/gemini-3.5-flash,4973,1324,6297
2019713442-700.jpg,google/gemini-3.5-flash,4937,2497,7434
2019713445-1586.jpg,google/gemini-3.5-flash,4963,2562,7525
2019713447-2206.jpg,google/gemini-3.5-flash,4978,1775,6753
2019713442-448.jpg,google/gemini-3.5-flash,4951,3953,8904
2019713449-989.jpg,google/gemini-3.5-flash,4951,1510,6461
2019713450-2437.jpg,google/gemini-3.5-flash,4978,1582,6560
2019713451-1873.jpg,google/gemini-3.5-flash,4946,1785,6731
2019713452-1068.jpg,google/gemini-3.5-flash,4935,1419,6354
2019713452-2249.jpg,google/gemini-3.5-flash,4973,1426,6399
2019713442-229.jpg,google/gemini-3.5-flash,4956,6946,11902
2019713452-3120.jpg,google/gemini-3.5-flash,4951,969,5920
2019713454-108.jpg,google/gemini-3.5-flash,4978,943,5921
2019713452-1866.jpg,google/gemini-3.5-flash,4937,3169,8106
2019713446-615.jpg,google/gemini-3.5-flash,4963,2890,7853
2019713452-623.jpg,google/gemini-3.5-flash,4963,1630,6593
2019713453-3261.jpg,google/gemini-3.5-flash,4946,1598,6544
2019713446-2236.jpg,google/gemini-3.5-flash,4951,5193,10144
2019713453-1077.jpg,google/gemini-3.5-flash,4944,2292,7236
2019713445-2715.jpg,google/gemini-3.5-flash,4971,6202,11173
2019713451-2713.jpg,google/gemini-3.5-flash,4946,5937,10883
2019713453-1020.jpg,google/gemini-3.5-flash,4973,3427,8400
2019713454-3713.jpg,google/gemini-3.5-flash,4978,1523,6501
2019713456-226.jpg,google/gemini-3.5-flash,4963,842,5805
2019713451-2338.jpg,google/gemini-3.5-flash,4935,6814,11749
2019713456-1604.jpg,google/gemini-3.5-flash,4937,1905,6842
2019713455-1051.jpg,google/gemini-3.5-flash,4963,2514,7477
2019713454-3444.jpg,google/gemini-3.5-flash,4956,3183,8139
2019713454-3426.jpg,google/gemini-3.5-flash,4951,2500,7451
2019713456-4017.jpg,google/gemini-3.5-flash,4951,2423,7374
2019713456-237.jpg,google/gemini-3.5-flash,4973,2523,7496
2019713460-427.jpg,google/gemini-3.5-flash,4951,1110,6061
2019713458-331.jpg,google/gemini-3.5-flash,4973,2079,7052
2019713454-2885.jpg,google/gemini-3.5-flash,4973,6058,11031
2019713460-1280.jpg,google/gemini-3.5-flash,4951,1930,6881
2019713461-1376.jpg,google/gemini-3.5-flash,4978,1132,6110
2019713460-569.jpg,google/gemini-3.5-flash,4978,2743,7721
2019713461-676.jpg,google/gemini-3.5-flash,4978,1296,6274
2019713457-21.jpg,google/gemini-3.5-flash,4959,4294,9253
2019713460-73.jpg,google/gemini-3.5-flash,4981,2732,7713
2022658792-47.jpg,google/gemini-3.5-flash,4951,1945,6896
2022687381-858.jpg,google/gemini-3.5-flash,4951,1204,6155
2022687381-123.jpg,google/gemini-3.5-flash,4951,1891,6842
2022687381-320.jpg,google/gemini-3.5-flash,4963,1551,6514
2019713462-436.jpg,google/gemini-3.5-flash,4978,1687,6665
2019713456-2274.jpg,google/gemini-3.5-flash,4944,6540,11484
2019713454-2819.jpg,google/gemini-3.5-flash,4973,11062,16035
2022687381-308.jpg,google/gemini-3.5-flash,4946,4784,9730
mss1187900043-18.jpg,google/gemini-3.5-flash,4981,2461,7442
mss1187900039-112.jpg,google/gemini-3.5-flash,4944,3330,8274
mss1187900040-109.jpg,google/gemini-3.5-flash,4978,3258,8236
mss1187900041-49.jpg,google/gemini-3.5-flash,4951,2959,7910
mss1187900051-26.jpg,google/gemini-3.5-flash,4978,2328,7306
mss1187900041-38.jpg,google/gemini-3.5-flash,4978,3287,8265
mss1187900037-78.jpg,google/gemini-3.5-flash,4978,4557,9535
mss1187900046-4.jpg,google/gemini-3.5-flash,4951,3820,8771
mss1187900065-51.jpg,google/gemini-3.5-flash,4951,1239,6190
mss1187900053-61.jpg,google/gemini-3.5-flash,4963,2996,7959
mss1187900065-26.jpg,google/gemini-3.5-flash,4944,2120,7064
mss1187900065-27.jpg,google/gemini-3.5-flash,4937,2842,7779
mss1187900030-4.jpg,google/gemini-3.5-flash,4951,7427,12378
mss1187900032-2.jpg,google/gemini-3.5-flash,4937,8406,13343
mss1187900045-93.jpg,google/gemini-3.5-flash,4978,6311,11289
mss1187900066-39.jpg,google/gemini-3.5-flash,4963,2960,7923
mss1187900061-25.jpg,google/gemini-3.5-flash,4944,3154,8098
mss1187900080-73.jpg,google/gemini-3.5-flash,4981,1515,6496
mss1187900079-79.jpg,google/gemini-3.5-flash,4973,2166,7139
mss1187900067-48.jpg,google/gemini-3.5-flash,4937,3050,7987
mss1187900072-53.jpg,google/gemini-3.5-flash,4963,3716,8679
mss1187900072-30.jpg,google/gemini-3.5-flash,4978,3947,8925
mss1187900061-5.jpg,google/gemini-3.5-flash,4963,6118,11081
mss1187900080-39.jpg,google/gemini-3.5-flash,4951,3848,8799
mss1187900092-56.jpg,google/gemini-3.5-flash,4978,1052,6030
mss1187900062-14.jpg,google/gemini-3.5-flash,4944,8217,13161
mss1187900091-92.jpg,google/gemini-3.5-flash,4951,2372,7323
mss1187900092-28.jpg,google/gemini-3.5-flash,4978,1826,6804
mss1187900084-21.jpg,google/gemini-3.5-flash,4937,6744,11681
mss1187900092-33.jpg,google/gemini-3.5-flash,4978,3680,8658
mss1187900086-98.jpg,google/gemini-3.5-flash,4951,5154,10105
mss1187900087-47.jpg,google/gemini-3.5-flash,4978,4907,9885
mss1187900088-30.jpg,google/gemini-3.5-flash,4944,5698,10642
mss1187900105-38.jpg,google/gemini-3.5-flash,4963,768,5731
mss1187900096-56.jpg,google/gemini-3.5-flash,4978,3247,8225
mss1187900081-62.jpg,google/gemini-3.5-flash,4975,8151,13126
mss1187900105-21.jpg,google/gemini-3.5-flash,4981,1545,6526
mss1187900095-49.jpg,google/gemini-3.5-flash,4937,3382,8319
mss1187900107-43.jpg,google/gemini-3.5-flash,4944,1968,6912
mss1187900093-47.jpg,google/gemini-3.5-flash,4951,6935,11886
mss1187900103-5.jpg,google/gemini-3.5-flash,4951,5653,10604
mss1187900114-2.jpg,google/gemini-3.5-flash,4951,2799,7750
mss1187900100-3.jpg,google/gemini-3.5-flash,4951,6744,11695
mss1187900106-11.jpg,google/gemini-3.5-flash,4951,3421,8372
mss1187900114-42.jpg,google/gemini-3.5-flash,4973,1740,6713
mss1187900106-35.jpg,google/gemini-3.5-flash,4978,6170,11148
mss1187900108-33.jpg,google/gemini-3.5-flash,4951,5307,10258
mss1187900117-1.jpg,google/gemini-3.5-flash,4978,1535,6513
mss1187900113-45.jpg,google/gemini-3.5-flash,4951,7038,11989
mss1187900126-24.jpg,google/gemini-3.5-flash,4978,1818,6796
mss1187900084-23.jpg,google/gemini-3.5-flash,4944,15600,20544
mss1187900115-40.jpg,google/gemini-3.5-flash,4978,4234,9212
mss1187900133-26.jpg,google/gemini-3.5-flash,4937,2287,7224
mss1187900128-17.jpg,google/gemini-3.5-flash,4937,3020,7957
mss1187900106-61.jpg,google/gemini-3.5-flash,4973,11158,16131
mss1187900108-38.jpg,google/gemini-3.5-flash,4944,9469,14413
mss1187900114-40.jpg,google/gemini-3.5-flash,4937,6894,11831
mss1187900127-29.jpg,google/gemini-3.5-flash,4937,4195,9132
mss1187900139-16.jpg,google/gemini-3.5-flash,4963,1342,6305
mss1187900115-32.jpg,google/gemini-3.5-flash,4944,6135,11079
mss1187900140-75.jpg,google/gemini-3.5-flash,4978,2648,7626
mss1187900951-29.jpg,google/gemini-3.5-flash,4951,1997,6948
mss1187900967-20.jpg,google/gemini-3.5-flash,4963,1954,6917
mss1187900134-57.jpg,google/gemini-3.5-flash,4973,4327,9300
mss1187900968-79.jpg,google/gemini-3.5-flash,4944,1974,6918
mss1187900154-26.jpg,google/gemini-3.5-flash,4973,4223,9196
mss1187900971-5.jpg,google/gemini-3.5-flash,4951,2566,7517
mss1187900122-19.jpg,google/gemini-3.5-flash,4951,9097,14048
mss1187900138-1.jpg,google/gemini-3.5-flash,4937,6118,11055
mss1288000061-32.jpg,google/gemini-3.5-flash,4951,3161,8112
mss1288000207-5.jpg,google/gemini-3.5-flash,4989,2284,7273
mss1288000539-4.jpg,google/gemini-3.5-flash,4951,3121,8072
mss1187900156-48.jpg,google/gemini-3.5-flash,4973,6442,11415
mss1288000006-314.jpg,google/gemini-3.5-flash,4973,4540,9513
mss1187901000-6.jpg,google/gemini-3.5-flash,4973,6549,11522
mss1288000676-23.jpg,google/gemini-3.5-flash,4935,4288,9223
mss1187900967-7.jpg,google/gemini-3.5-flash,4937,8151,13088
mss1288000772-26.jpg,google/gemini-3.5-flash,4946,3441,8387
mss1288000795-64.jpg,google/gemini-3.5-flash,4954,2448,7402
mss1187900951-57.jpg,google/gemini-3.5-flash,4951,10345,15296
mss1288000078-3.jpg,google/gemini-3.5-flash,4981,7680,12661
mss1288001315-10.jpg,google/gemini-3.5-flash,4951,2205,7156
mss1288000687-24.jpg,google/gemini-3.5-flash,4944,6419,11363
mss1288000771-6.jpg,google/gemini-3.5-flash,4963,6651,11614
mss1288001061-3.jpg,google/gemini-3.5-flash,4944,5085,10029
mss154040022-33.jpg,google/gemini-3.5-flash,4951,1475,6426
mss154040052-41.jpg,google/gemini-3.5-flash,4951,1393,6344
mss154040052-6.jpg,google/gemini-3.5-flash,4973,955,5928
mss1288000636-15.jpg,google/gemini-3.5-flash,4946,13187,18133
mss154040013-16.jpg,google/gemini-3.5-flash,4963,4142,9105
mss1288002083-30.jpg,google/gemini-3.5-flash,4951,5721,10672
mss1288001758-6.jpg,google/gemini-3.5-flash,4978,5972,10950
mss1288002029-4.jpg,google/gemini-3.5-flash,4944,7025,11969
mss154040008-47.jpg,google/gemini-3.5-flash,4937,6572,11509
mss154040085-2.jpg,google/gemini-3.5-flash,4981,3364,8345
mss1288000783-23.jpg,google/gemini-3.5-flash,4951,11001,15952
mss154040133-3.jpg,google/gemini-3.5-flash,4956,2026,6982
mss154040163-11.jpg,google/gemini-3.5-flash,4951,2931,7882
mss154040067-648.jpg,google/gemini-3.5-flash,4944,6539,11483
mss154040163-18.jpg,google/gemini-3.5-flash,4951,3625,8576
mss1288000795-35.jpg,google/gemini-3.5-flash,4929,12967,17896
mss154040094-4.jpg,google/gemini-3.5-flash,4963,6114,11077
mss154040056-2.jpg,google/gemini-3.5-flash,4981,7728,12709
mss154040164-18.jpg,google/gemini-3.5-flash,4951,5553,10504
mss154040147-18.jpg,google/gemini-3.5-flash,4951,6534,11485
mss154040164-7.jpg,google/gemini-3.5-flash,4951,2851,7802
mss154040220-11.jpg,google/gemini-3.5-flash,4981,750,5731
mss154040148-47.jpg,google/gemini-3.5-flash,4981,5548,10529
mss154040168-30.jpg,google/gemini-3.5-flash,4951,2248,7199
mss154040164-5.jpg,google/gemini-3.5-flash,4951,3607,8558
mss154040167-5.jpg,google/gemini-3.5-flash,4946,3209,8155
mss154040179-2.jpg,google/gemini-3.5-flash,4944,2197,7141
mss154040168-11.jpg,google/gemini-3.5-flash,4981,4311,9292
mss154040268-48.jpg,google/gemini-3.5-flash,4963,1021,5984
mss154040268-45.jpg,google/gemini-3.5-flash,4981,2577,7558
mss154040268-3.jpg,google/gemini-3.5-flash,4971,3114,8085
mss154040230-14.jpg,google/gemini-3.5-flash,4951,4612,9563
mss154040228-5.jpg,google/gemini-3.5-flash,4978,3719,8697
mss154040279-2.jpg,google/gemini-3.5-flash,4944,1097,6041
mss154040291-2.jpg,google/gemini-3.5-flash,4963,1512,6475
mss154040278-11.jpg,google/gemini-3.5-flash,4981,3561,8542
mss154040194-2.jpg,google/gemini-3.5-flash,4973,6659,11632
mss154040373-7.jpg,google/gemini-3.5-flash,4951,982,5933
mss154040230-8.jpg,google/gemini-3.5-flash,4944,6842,11786
mss154040271-18.jpg,google/gemini-3.5-flash,4951,5531,10482
mss154040333-2.jpg,google/gemini-3.5-flash,4944,2433,7377
mss154040266-8.jpg,google/gemini-3.5-flash,4981,8458,13439
mss154040341-2.jpg,google/gemini-3.5-flash,4981,2421,7402
mss154040374-5.jpg,google/gemini-3.5-flash,4981,2217,7198
mss154040406-8.jpg,google/gemini-3.5-flash,4981,2472,7453
mss154040424-47.jpg,google/gemini-3.5-flash,4951,2147,7098
mss154040426-18.jpg,google/gemini-3.5-flash,4981,2257,7238
mss154040387-2.jpg,google/gemini-3.5-flash,4944,3000,7944
mss154040478-9.jpg,google/gemini-3.5-flash,4981,1040,6021
mss154040165-26.jpg,google/gemini-3.5-flash,4981,12701,17682
mss154040244-5.jpg,google/gemini-3.5-flash,4935,10370,15305
mss154040278-6.jpg,google/gemini-3.5-flash,4944,7935,12879
mss184240020-42.jpg,google/gemini-3.5-flash,4951,2965,7916
mss154040487-54.jpg,google/gemini-3.5-flash,4981,3028,8009
mss154040483-95.jpg,google/gemini-3.5-flash,4959,5497,10456
mss154040428-13.jpg,google/gemini-3.5-flash,4981,7343,12324
mss184240051-17.jpg,google/gemini-3.5-flash,4963,5923,10886
mss154040483-76.jpg,google/gemini-3.5-flash,4944,8576,13520
mss154040431-13.jpg,google/gemini-3.5-flash,4963,8901,13864
mss184240089-164.jpg,google/gemini-3.5-flash,4978,3910,8888
mss184240109-92.jpg,google/gemini-3.5-flash,4981,1494,6475
mss184240058-292.jpg,google/gemini-3.5-flash,4937,5933,10870
mss154040483-42.jpg,google/gemini-3.5-flash,4973,11731,16704
mss184240036-71.jpg,google/gemini-3.5-flash,4963,8609,13572
mss184240109-16.jpg,google/gemini-3.5-flash,4963,2299,7262
mss184240077-19.jpg,google/gemini-3.5-flash,4978,6119,11097
mss184240102-80.jpg,google/gemini-3.5-flash,4978,4083,9061
mss184240124-14.jpg,google/gemini-3.5-flash,4978,2983,7961
mss184240125-43.jpg,google/gemini-3.5-flash,4937,3907,8844
mss184240200-27.jpg,google/gemini-3.5-flash,4951,2779,7730
mss184240258-18.jpg,google/gemini-3.5-flash,4981,1097,6078
mss184240202-4.jpg,google/gemini-3.5-flash,4963,4164,9127
mss184240264-23.jpg,google/gemini-3.5-flash,4978,1227,6205
mss184240143-2.jpg,google/gemini-3.5-flash,4944,6355,11299
mss184240331-29.jpg,google/gemini-3.5-flash,4971,1904,6875
mss184240091-69.jpg,google/gemini-3.5-flash,4951,11368,16319
mss184240269-54.jpg,google/gemini-3.5-flash,4951,4228,9179
mss184240211-76.jpg,google/gemini-3.5-flash,4944,6428,11372
mss184240100-72.jpg,google/gemini-3.5-flash,4944,13781,18725
mss184240130-127.jpg,google/gemini-3.5-flash,4978,8679,13657
mss184240162-93.jpg,google/gemini-3.5-flash,4981,10524,15505
mss184240352-48.jpg,google/gemini-3.5-flash,4951,2755,7706
mss184240270-16.jpg,google/gemini-3.5-flash,4944,7594,12538
mss184240334-144.jpg,google/gemini-3.5-flash,4981,3555,8536
mss3413200298-4.jpg,google/gemini-3.5-flash,4944,2436,7380
mss3413200106-27.jpg,google/gemini-3.5-flash,4951,3195,8146
mss184240331-63.jpg,google/gemini-3.5-flash,4971,7658,12629
mss184240235-4.jpg,google/gemini-3.5-flash,4937,12093,17030
mss3413200947-29.jpg,google/gemini-3.5-flash,4951,2174,7125
mss184240345-7.jpg,google/gemini-3.5-flash,4978,5805,10783
mss3413200668-12.jpg,google/gemini-3.5-flash,4951,4563,9514
mss3413201207-9.jpg,google/gemini-3.5-flash,4951,3045,7996
mss3413201202-48.jpg,google/gemini-3.5-flash,4978,3824,8802
mss3413201803-7.jpg,google/gemini-3.5-flash,4963,964,5927
mss3413201758-21.jpg,google/gemini-3.5-flash,4944,1794,6738
mss3413201344-39.jpg,google/gemini-3.5-flash,4951,2781,7732
mss425490019-18.jpg,google/gemini-3.5-flash,4951,1584,6535
mss3413200849-32.jpg,google/gemini-3.5-flash,4944,8467,13411
mss3413201214-11.jpg,google/gemini-3.5-flash,4944,6896,11840
mss154040430-20.jpg,google/gemini-3.5-flash,4971,31236,36207
mss3413201847-63.jpg,google/gemini-3.5-flash,4951,5251,10202
mss425490043-6.jpg,google/gemini-3.5-flash,4971,1637,6608
mss184240335-125.jpg,google/gemini-3.5-flash,4971,13369,18340
mss3413201919-43.jpg,google/gemini-3.5-flash,4963,5357,10320
mss184240333-15.jpg,google/gemini-3.5-flash,4963,15377,20340
mss425490060-43.jpg,google/gemini-3.5-flash,4971,2454,7425
mss3413201949-23.jpg,google/gemini-3.5-flash,4944,5555,10499
mss425490301-37.jpg,google/gemini-3.5-flash,4944,2356,7300
mss425490151-21.jpg,google/gemini-3.5-flash,4981,4163,9144
mss425490704-20.jpg,google/gemini-3.5-flash,4951,2345,7296
mss425490178-6.jpg,google/gemini-3.5-flash,4944,3164,8108
mss3413201277-2.jpg,google/gemini-3.5-flash,4944,10939,15883
mss83434026-1.jpg,google/gemini-3.5-flash,4963,1891,6854
mss83434038-2.jpg,google/gemini-3.5-flash,4944,1705,6649
mss83434055-2.jpg,google/gemini-3.5-flash,4978,2482,7460
mss83434018-1.jpg,google/gemini-3.5-flash,4944,3815,8759
mss83434126-105.jpg,google/gemini-3.5-flash,4944,4883,9827
mss425490038-29.jpg,google/gemini-3.5-flash,4951,10433,15384
mss425490753-19.jpg,google/gemini-3.5-flash,4951,8671,13622
mss83434126-94.jpg,google/gemini-3.5-flash,4944,2186,7130
mss83434126-182.jpg,google/gemini-3.5-flash,4944,4302,9246
mss83434126-149.jpg,google/gemini-3.5-flash,4981,6185,11166
mss83434133-1.jpg,google/gemini-3.5-flash,4944,1772,6716
mss83434126-67.jpg,google/gemini-3.5-flash,4944,3897,8841
mss83434033-2.jpg,google/gemini-3.5-flash,4951,10643,15594
mss83434126-187.jpg,google/gemini-3.5-flash,4951,6673,11624
mss3413201323-27.jpg,google/gemini-3.5-flash,4951,21941,26892
mss83434126-171.jpg,google/gemini-3.5-flash,4981,7255,12236
mss425490168-15.jpg,google/gemini-3.5-flash,4963,13127,18090
mss83434136-3.jpg,google/gemini-3.5-flash,4963,4777,9740
mss83434157-7.jpg,google/gemini-3.5-flash,4944,4090,9034
mss83434137-19.jpg,google/gemini-3.5-flash,4951,8940,13891
mss83434148-3.jpg,google/gemini-3.5-flash,4973,7177,12150
mss83434137-26.jpg,google/gemini-3.5-flash,4951,9170,14121
mss83434182-138.jpg,google/gemini-3.5-flash,4937,10048,14985
mss83434182-161.jpg,google/gemini-3.5-flash,4963,9883,14846
mss83434187-3.jpg,google/gemini-3.5-flash,4963,2204,7167
mss83434182-109.jpg,google/gemini-3.5-flash,4963,11935,16898
mss83434192-10.jpg,google/gemini-3.5-flash,4981,2392,7373
mss83434224-11.jpg,google/gemini-3.5-flash,4978,2469,7447
mss83434182-147.jpg,google/gemini-3.5-flash,4946,13009,17955
mss83434224-14.jpg,google/gemini-3.5-flash,4951,2619,7570
mss83434224-48.jpg,google/gemini-3.5-flash,4937,3324,8261
mss83434182-73.jpg,google/gemini-3.5-flash,4963,12431,17394
mss83434224-9.jpg,google/gemini-3.5-flash,4978,1651,6629
mss83434239-34.jpg,google/gemini-3.5-flash,4951,829,5780
mss83434182-139.jpg,google/gemini-3.5-flash,4963,17433,22396
mss83434182-30.jpg,google/gemini-3.5-flash,4989,16456,21445
mss83434233-15.jpg,google/gemini-3.5-flash,4951,4440,9391
mss83434250-107.jpg,google/gemini-3.5-flash,4937,2988,7925
mss83434182-33.jpg,google/gemini-3.5-flash,4963,17420,22383
mss83434224-62.jpg,google/gemini-3.5-flash,4978,6565,11543
mss83434250-12.jpg,google/gemini-3.5-flash,4946,3247,8193
mss83434250-129.jpg,google/gemini-3.5-flash,4937,3220,8157
mss83434250-13.jpg,google/gemini-3.5-flash,4978,2884,7862
mss83434250-61.jpg,google/gemini-3.5-flash,4937,3029,7966
mss83434250-110.jpg,google/gemini-3.5-flash,4963,4661,9624
mss83434250-109.jpg,google/gemini-3.5-flash,4937,4254,9191
mss83434255-39.jpg,google/gemini-3.5-flash,4937,389,5326
mss83434250-95.jpg,google/gemini-3.5-flash,4963,3900,8863
mss83434252-10.jpg,google/gemini-3.5-flash,4944,1741,6685
mss83434251-6.jpg,google/gemini-3.5-flash,4937,3852,8789
mss83434252-16.jpg,google/gemini-3.5-flash,4944,2856,7800
mss83434254-18.jpg,google/gemini-3.5-flash,4951,3289,8240
mss83434254-2.jpg,google/gemini-3.5-flash,4951,2720,7671
mss83434255-69.jpg,google/gemini-3.5-flash,4978,2693,7671
mss83434262-18.jpg,google/gemini-3.5-flash,4951,3187,8138
mss83434262-14.jpg,google/gemini-3.5-flash,4978,2928,7906
mss83434263-1.jpg,google/gemini-3.5-flash,4963,1540,6503
mss83434280-3.jpg,google/gemini-3.5-flash,4963,1864,6827
mss83434297-4.jpg,google/gemini-3.5-flash,4963,609,5572
mss83434262-33.jpg,google/gemini-3.5-flash,4951,4117,9068
mss83434255-77.jpg,google/gemini-3.5-flash,4978,5155,10133
mss83434296-26.jpg,google/gemini-3.5-flash,4946,3342,8288
mss83434296-19.jpg,google/gemini-3.5-flash,4946,3882,8828
mss83434296-47.jpg,google/gemini-3.5-flash,4963,5178,10141
mss83434298-3.jpg,google/gemini-3.5-flash,4978,3393,8371
mss83434310-3.jpg,google/gemini-3.5-flash,4963,3305,8268
mss83434297-10.jpg,google/gemini-3.5-flash,4946,4290,9236
mss83434297-29.jpg,google/gemini-3.5-flash,4963,4612,9575
mss83434310-8.jpg,google/gemini-3.5-flash,4937,4175,9112
mss83434310-24.jpg,google/gemini-3.5-flash,4963,5129,10092
mss83434314-25.jpg,google/gemini-3.5-flash,4951,4907,9858
mss83434314-28.jpg,google/gemini-3.5-flash,4963,4647,9610
mss83434314-76.jpg,google/gemini-3.5-flash,4951,2435,7386
mss83434314-36.jpg,google/gemini-3.5-flash,4963,3191,8154
mss83434314-34.jpg,google/gemini-3.5-flash,4963,4134,9097
mss83434182-123.jpg,google/gemini-3.5-flash,4963,35875,40838
mss83434319-1.jpg,google/gemini-3.5-flash,4944,3019,7963
mss83434182-94.jpg,google/gemini-3.5-flash,4963,31952,36915
mss83434335-2.jpg,google/gemini-3.5-flash,4959,3982,8941
mss83434351-26.jpg,google/gemini-3.5-flash,4978,5607,10585
mss83434414-23.jpg,google/gemini-3.5-flash,4937,5438,10375
mss83434343-6.jpg,google/gemini-3.5-flash,4944,7913,12857
mss83434414-12.jpg,google/gemini-3.5-flash,4937,6066,11003
mss83434414-20.jpg,google/gemini-3.5-flash,4937,6268,11205
mss83434331-12.jpg,google/gemini-3.5-flash,4978,8316,13294
mss83434414-48.jpg,google/gemini-3.5-flash,4937,5256,10193
mss83434414-27.jpg,google/gemini-3.5-flash,4937,8971,13908
mss83434464-3.jpg,google/gemini-3.5-flash,4951,2571,7522
mss83434493-1.jpg,google/gemini-3.5-flash,4973,1649,6622
mss83434482-2.jpg,google/gemini-3.5-flash,4981,2818,7799
mss83434424-65.jpg,google/gemini-3.5-flash,4978,5968,10946
mss83434433-2.jpg,google/gemini-3.5-flash,4951,6383,11334
mss83434495-90.jpg,google/gemini-3.5-flash,4937,4200,9137
mss83434502-1.jpg,google/gemini-3.5-flash,4973,3325,8298
mss83434495-35.jpg,google/gemini-3.5-flash,4937,6227,11164
mss83434351-13.jpg,google/gemini-3.5-flash,4937,16226,21163
mss83434495-95.jpg,google/gemini-3.5-flash,4937,4530,9467
mss83434498-1.jpg,google/gemini-3.5-flash,4944,4534,9478
mss83434495-59.jpg,google/gemini-3.5-flash,4963,6462,11425
mss83434504-100.jpg,google/gemini-3.5-flash,4951,2830,7781
mss83434325-4.jpg,google/gemini-3.5-flash,4944,21212,26156
mss859430237-3.jpg,google/gemini-3.5-flash,4944,602,5546
mss859430020-4.jpg,google/gemini-3.5-flash,4944,2091,7035
mss859430059-11.jpg,google/gemini-3.5-flash,4935,2368,7303
mss859430318-6.jpg,google/gemini-3.5-flash,4951,1747,6698
mss83434402-9.jpg,google/gemini-3.5-flash,4951,20027,24978
mss859430428-12.jpg,google/gemini-3.5-flash,4944,1175,6119
mss859430014-8.jpg,google/gemini-3.5-flash,4951,4230,9181
mss859430249-3.jpg,google/gemini-3.5-flash,4960,2764,7724
mss83434182-82.jpg,google/gemini-3.5-flash,4963,52089,57052
mss859430252-27.jpg,google/gemini-3.5-flash,4944,3588,8532
mss859430015-37.jpg,google/gemini-3.5-flash,4951,5114,10065
mss859430248-51.jpg,google/gemini-3.5-flash,4944,3844,8788
mss859430427-16.jpg,google/gemini-3.5-flash,4973,4452,9425
2019713429-846.jpg,google/gemini-3.5-flash#nothink,4978,43,5021
2019713423-357.jpg,google/gemini-3.5-flash#nothink,4978,146,5124
2019713424-379.jpg,google/gemini-3.5-flash#nothink,4946,78,5024
2019713425-623.jpg,google/gemini-3.5-flash#nothink,4951,100,5051
2019713414-133.jpg,google/gemini-3.5-flash#nothink,4960,212,5172
2019713431-55.jpg,google/gemini-3.5-flash#nothink,4951,100,5051
2019713428-610.jpg,google/gemini-3.5-flash#nothink,4951,138,5089
2019713432-1462.jpg,google/gemini-3.5-flash#nothink,4951,62,5013
2019713416-764.jpg,google/gemini-3.5-flash#nothink,4978,131,5109
2019713429-85.jpg,google/gemini-3.5-flash#nothink,4989,122,5111
2019713425-391.jpg,google/gemini-3.5-flash#nothink,4971,92,5063
2019713430-1723.jpg,google/gemini-3.5-flash#nothink,4951,79,5030
2019713431-213.jpg,google/gemini-3.5-flash#nothink,4951,94,5045
2019713418-213.jpg,google/gemini-3.5-flash#nothink,4951,160,5111
2019713421-5.jpg,google/gemini-3.5-flash#nothink,4963,95,5058
2019713437-100.jpg,google/gemini-3.5-flash#nothink,4978,160,5138
2019713436-721.jpg,google/gemini-3.5-flash#nothink,4951,44,4995
2019713431-394.jpg,google/gemini-3.5-flash#nothink,4963,84,5047
2019713437-183.jpg,google/gemini-3.5-flash#nothink,4937,90,5027
2019713439-1709.jpg,google/gemini-3.5-flash#nothink,4963,95,5058
2019713440-1687.jpg,google/gemini-3.5-flash#nothink,4963,101,5064
2019713438-469.jpg,google/gemini-3.5-flash#nothink,4946,70,5016
2019713438-1107.jpg,google/gemini-3.5-flash#nothink,4963,100,5063
2019713437-719.jpg,google/gemini-3.5-flash#nothink,4946,108,5054
2019713439-1945.jpg,google/gemini-3.5-flash#nothink,4937,84,5021
2019713439-1586.jpg,google/gemini-3.5-flash#nothink,4951,85,5036
2019713440-464.jpg,google/gemini-3.5-flash#nothink,4963,128,5091
2019713432-1588.jpg,google/gemini-3.5-flash#nothink,4978,149,5127
2019713442-1089.jpg,google/gemini-3.5-flash#nothink,4963,115,5078
2019713438-248.jpg,google/gemini-3.5-flash#nothink,4937,330,5267
2019713442-145.jpg,google/gemini-3.5-flash#nothink,4951,107,5058
2019713436-1624.jpg,google/gemini-3.5-flash#nothink,4963,242,5205
2019713434-805.jpg,google/gemini-3.5-flash#nothink,4935,124,5059
2019713442-2128.jpg,google/gemini-3.5-flash#nothink,4935,67,5002
2019713442-2207.jpg,google/gemini-3.5-flash#nothink,4981,135,5116
2019713442-42.jpg,google/gemini-3.5-flash#nothink,4937,262,5199
2019713442-448.jpg,google/gemini-3.5-flash#nothink,4951,173,5124
2019713445-1752.jpg,google/gemini-3.5-flash#nothink,4981,108,5089
2019713441-1592.jpg,google/gemini-3.5-flash#nothink,4944,154,5098
2019713446-2236.jpg,google/gemini-3.5-flash#nothink,4951,88,5039
2019713445-2433.jpg,google/gemini-3.5-flash#nothink,4937,73,5010
2019713446-2471.jpg,google/gemini-3.5-flash#nothink,4973,103,5076
2019713445-1586.jpg,google/gemini-3.5-flash#nothink,4963,130,5093
2019713447-2206.jpg,google/gemini-3.5-flash#nothink,4978,122,5100
2019713443-998.jpg,google/gemini-3.5-flash#nothink,4946,126,5072
2019713449-989.jpg,google/gemini-3.5-flash#nothink,4951,83,5034
2019713443-844.jpg,google/gemini-3.5-flash#nothink,4951,76,5027
2019713452-1068.jpg,google/gemini-3.5-flash#nothink,4935,65,5000
2019713450-2437.jpg,google/gemini-3.5-flash#nothink,4978,113,5091
2019713442-229.jpg,google/gemini-3.5-flash#nothink,4956,993,5949
2019713445-2715.jpg,google/gemini-3.5-flash#nothink,4971,195,5166
2019713452-623.jpg,google/gemini-3.5-flash#nothink,4963,103,5066
2019713452-2249.jpg,google/gemini-3.5-flash#nothink,4973,105,5078
2019713452-1866.jpg,google/gemini-3.5-flash#nothink,4937,197,5134
2019713446-615.jpg,google/gemini-3.5-flash#nothink,4963,202,5165
2019713452-3120.jpg,google/gemini-3.5-flash#nothink,4951,66,5017
2019713451-2713.jpg,google/gemini-3.5-flash#nothink,4946,567,5513
2019713453-3261.jpg,google/gemini-3.5-flash#nothink,4946,103,5049
2019713453-1077.jpg,google/gemini-3.5-flash#nothink,4944,125,5069
2019713455-1051.jpg,google/gemini-3.5-flash#nothink,4963,141,5104
2019713442-700.jpg,google/gemini-3.5-flash#nothink,4937,186,5123
2019713454-3444.jpg,google/gemini-3.5-flash#nothink,4956,94,5050
2019713456-226.jpg,google/gemini-3.5-flash#nothink,4963,68,5031
2019713454-3713.jpg,google/gemini-3.5-flash#nothink,4978,175,5153
2019713456-1604.jpg,google/gemini-3.5-flash#nothink,4937,169,5106
2019713454-108.jpg,google/gemini-3.5-flash#nothink,4978,110,5088
2019713456-4017.jpg,google/gemini-3.5-flash#nothink,4951,169,5120
2019713451-1873.jpg,google/gemini-3.5-flash#nothink,4946,89,5035
2019713453-1020.jpg,google/gemini-3.5-flash#nothink,4973,446,5419
2019713454-2885.jpg,google/gemini-3.5-flash#nothink,4973,935,5908
2019713460-427.jpg,google/gemini-3.5-flash#nothink,4951,52,5003
2019713451-2338.jpg,google/gemini-3.5-flash#nothink,4935,1600,6535
2019713458-331.jpg,google/gemini-3.5-flash#nothink,4973,114,5087
2019713460-1280.jpg,google/gemini-3.5-flash#nothink,4951,91,5042
2019713461-1376.jpg,google/gemini-3.5-flash#nothink,4978,69,5047
2019713461-676.jpg,google/gemini-3.5-flash#nothink,4978,58,5036
2019713460-73.jpg,google/gemini-3.5-flash#nothink,4981,136,5117
2019713457-21.jpg,google/gemini-3.5-flash#nothink,4959,513,5472
2019713460-569.jpg,google/gemini-3.5-flash#nothink,4978,361,5339
2019713456-237.jpg,google/gemini-3.5-flash#nothink,4973,179,5152
2019713454-3426.jpg,google/gemini-3.5-flash#nothink,4951,256,5207
2022658792-47.jpg,google/gemini-3.5-flash#nothink,4951,87,5038
2022687381-123.jpg,google/gemini-3.5-flash#nothink,4951,83,5034
2022687381-858.jpg,google/gemini-3.5-flash#nothink,4951,94,5045
mss1187900030-4.jpg,google/gemini-3.5-flash#nothink,4951,242,5193
mss1187900032-2.jpg,google/gemini-3.5-flash#nothink,4937,153,5090
2022687381-320.jpg,google/gemini-3.5-flash#nothink,4963,53,5016
mss1187900037-78.jpg,google/gemini-3.5-flash#nothink,4978,171,5149
mss1187900039-112.jpg,google/gemini-3.5-flash#nothink,4944,252,5196
mss1187900040-109.jpg,google/gemini-3.5-flash#nothink,4978,169,5147
mss1187900043-18.jpg,google/gemini-3.5-flash#nothink,4981,117,5098
mss1187900046-4.jpg,google/gemini-3.5-flash#nothink,4951,137,5088
2019713462-436.jpg,google/gemini-3.5-flash#nothink,4978,125,5103
2019713456-2274.jpg,google/gemini-3.5-flash#nothink,4944,670,5614
mss1187900041-38.jpg,google/gemini-3.5-flash#nothink,4978,404,5382
mss1187900041-49.jpg,google/gemini-3.5-flash#nothink,4951,165,5116
2022687381-308.jpg,google/gemini-3.5-flash#nothink,4946,772,5718
mss1187900045-93.jpg,google/gemini-3.5-flash#nothink,4978,203,5181
mss1187900053-61.jpg,google/gemini-3.5-flash#nothink,4963,160,5123
mss1187900051-26.jpg,google/gemini-3.5-flash#nothink,4978,256,5234
mss1187900062-14.jpg,google/gemini-3.5-flash#nothink,4944,164,5108
mss1187900061-5.jpg,google/gemini-3.5-flash#nothink,4963,155,5118
mss1187900065-26.jpg,google/gemini-3.5-flash#nothink,4944,151,5095
mss1187900065-51.jpg,google/gemini-3.5-flash#nothink,4951,41,4992
mss1187900065-27.jpg,google/gemini-3.5-flash#nothink,4937,243,5180
mss1187900061-25.jpg,google/gemini-3.5-flash#nothink,4944,135,5079
2019713454-2819.jpg,google/gemini-3.5-flash#nothink,4973,1240,6213
mss1187900072-53.jpg,google/gemini-3.5-flash#nothink,4963,198,5161
mss1187900066-39.jpg,google/gemini-3.5-flash#nothink,4963,155,5118
mss1187900067-48.jpg,google/gemini-3.5-flash#nothink,4937,135,5072
mss1187900080-39.jpg,google/gemini-3.5-flash#nothink,4951,178,5129
mss1187900072-30.jpg,google/gemini-3.5-flash#nothink,4978,293,5271
mss1187900079-79.jpg,google/gemini-3.5-flash#nothink,4973,278,5251
mss1187900086-98.jpg,google/gemini-3.5-flash#nothink,4951,174,5125
mss1187900081-62.jpg,google/gemini-3.5-flash#nothink,4975,214,5189
mss1187900084-23.jpg,google/gemini-3.5-flash#nothink,4944,245,5189
mss1187900091-92.jpg,google/gemini-3.5-flash#nothink,4951,203,5154
mss1187900092-28.jpg,google/gemini-3.5-flash#nothink,4978,123,5101
mss1187900087-47.jpg,google/gemini-3.5-flash#nothink,4978,284,5262
mss1187900092-56.jpg,google/gemini-3.5-flash#nothink,4978,60,5038
mss1187900084-21.jpg,google/gemini-3.5-flash#nothink,4937,474,5411
mss1187900096-56.jpg,google/gemini-3.5-flash#nothink,4978,170,5148
mss1187900092-33.jpg,google/gemini-3.5-flash#nothink,4978,120,5098
mss1187900095-49.jpg,google/gemini-3.5-flash#nothink,4937,150,5087
mss1187900103-5.jpg,google/gemini-3.5-flash#nothink,4951,59,5010
mss1187900093-47.jpg,google/gemini-3.5-flash#nothink,4951,349,5300
mss1187900105-21.jpg,google/gemini-3.5-flash#nothink,4981,166,5147
mss1187900100-3.jpg,google/gemini-3.5-flash#nothink,4951,97,5048
mss1187900105-38.jpg,google/gemini-3.5-flash#nothink,4963,80,5043
mss1187900106-11.jpg,google/gemini-3.5-flash#nothink,4951,317,5268
mss1187900108-33.jpg,google/gemini-3.5-flash#nothink,4951,182,5133
mss1187900107-43.jpg,google/gemini-3.5-flash#nothink,4944,62,5006
mss1187900088-30.jpg,google/gemini-3.5-flash#nothink,4944,261,5205
mss1187900114-2.jpg,google/gemini-3.5-flash#nothink,4951,128,5079
mss1187900108-38.jpg,google/gemini-3.5-flash#nothink,4944,348,5292
mss1187900114-42.jpg,google/gemini-3.5-flash#nothink,4973,279,5252
mss1187900113-45.jpg,google/gemini-3.5-flash#nothink,4951,422,5373
mss1187900114-40.jpg,google/gemini-3.5-flash#nothink,4937,296,5233
mss1187900117-1.jpg,google/gemini-3.5-flash#nothink,4978,91,5069
mss1187900115-40.jpg,google/gemini-3.5-flash#nothink,4978,177,5155
mss1187900080-73.jpg,google/gemini-3.5-flash#nothink,4981,96,5077
mss1187900106-35.jpg,google/gemini-3.5-flash#nothink,4978,199,5177
mss1187900133-26.jpg,google/gemini-3.5-flash#nothink,4937,126,5063
mss1187900128-17.jpg,google/gemini-3.5-flash#nothink,4937,194,5131
mss1187900126-24.jpg,google/gemini-3.5-flash#nothink,4978,125,5103
mss1187900139-16.jpg,google/gemini-3.5-flash#nothink,4963,105,5068
mss1187900127-29.jpg,google/gemini-3.5-flash#nothink,4937,308,5245
mss1187900138-1.jpg,google/gemini-3.5-flash#nothink,4937,225,5162
mss1187900140-75.jpg,google/gemini-3.5-flash#nothink,4978,97,5075
mss1187900134-57.jpg,google/gemini-3.5-flash#nothink,4973,446,5419
mss1187900156-48.jpg,google/gemini-3.5-flash#nothink,4973,185,5158
mss1187900106-61.jpg,google/gemini-3.5-flash#nothink,4973,1356,6329
mss1187900967-20.jpg,google/gemini-3.5-flash#nothink,4963,73,5036
mss1187900951-29.jpg,google/gemini-3.5-flash#nothink,4951,203,5154
mss1187900968-79.jpg,google/gemini-3.5-flash#nothink,4944,55,4999
mss1187900122-19.jpg,google/gemini-3.5-flash#nothink,4951,235,5186
mss1187900971-5.jpg,google/gemini-3.5-flash#nothink,4951,200,5151
mss1288000006-314.jpg,google/gemini-3.5-flash#nothink,4973,154,5127
mss1288000207-5.jpg,google/gemini-3.5-flash#nothink,4989,100,5089
mss1288000061-32.jpg,google/gemini-3.5-flash#nothink,4951,223,5174
mss1187900154-26.jpg,google/gemini-3.5-flash#nothink,4973,217,5190
mss1187900115-32.jpg,google/gemini-3.5-flash#nothink,4944,324,5268
mss1288000539-4.jpg,google/gemini-3.5-flash#nothink,4951,195,5146
mss1187900967-7.jpg,google/gemini-3.5-flash#nothink,4937,172,5109
mss1288000078-3.jpg,google/gemini-3.5-flash#nothink,4981,391,5372
mss1187901000-6.jpg,google/gemini-3.5-flash#nothink,4973,502,5475
mss1288000771-6.jpg,google/gemini-3.5-flash#nothink,4963,117,5080
mss1288000772-26.jpg,google/gemini-3.5-flash#nothink,4946,117,5063
mss1288000795-35.jpg,google/gemini-3.5-flash#nothink,4929,109,5038
mss1288000783-23.jpg,google/gemini-3.5-flash#nothink,4951,95,5046
mss1288000795-64.jpg,google/gemini-3.5-flash#nothink,4954,90,5044
mss1288001758-6.jpg,google/gemini-3.5-flash#nothink,4978,156,5134
mss1288001061-3.jpg,google/gemini-3.5-flash#nothink,4944,400,5344
mss1288000676-23.jpg,google/gemini-3.5-flash#nothink,4935,805,5740
mss1288002083-30.jpg,google/gemini-3.5-flash#nothink,4951,363,5314
mss154040022-33.jpg,google/gemini-3.5-flash#nothink,4951,187,5138
mss154040008-47.jpg,google/gemini-3.5-flash#nothink,4937,446,5383
mss154040052-41.jpg,google/gemini-3.5-flash#nothink,4951,282,5233
mss154040052-6.jpg,google/gemini-3.5-flash#nothink,4973,117,5090
mss1288002029-4.jpg,google/gemini-3.5-flash#nothink,4944,770,5714
mss1288000687-24.jpg,google/gemini-3.5-flash#nothink,4944,701,5645
mss154040094-4.jpg,google/gemini-3.5-flash#nothink,4963,91,5054
mss1187900951-57.jpg,google/gemini-3.5-flash#nothink,4951,685,5636
mss154040147-18.jpg,google/gemini-3.5-flash#nothink,4951,144,5095
mss1288001315-10.jpg,google/gemini-3.5-flash#nothink,4951,324,5275
mss154040148-47.jpg,google/gemini-3.5-flash#nothink,4981,215,5196
mss154040164-5.jpg,google/gemini-3.5-flash#nothink,4951,196,5147
mss154040163-18.jpg,google/gemini-3.5-flash#nothink,4951,289,5240
mss154040164-7.jpg,google/gemini-3.5-flash#nothink,4951,144,5095
mss154040133-3.jpg,google/gemini-3.5-flash#nothink,4956,117,5073
mss154040167-5.jpg,google/gemini-3.5-flash#nothink,4946,146,5092
mss154040085-2.jpg,google/gemini-3.5-flash#nothink,4981,510,5491
mss154040056-2.jpg,google/gemini-3.5-flash#nothink,4981,340,5321
mss154040164-18.jpg,google/gemini-3.5-flash#nothink,4951,172,5123
mss154040168-11.jpg,google/gemini-3.5-flash#nothink,4981,171,5152
mss154040067-648.jpg,google/gemini-3.5-flash#nothink,4944,1430,6374
mss154040179-2.jpg,google/gemini-3.5-flash#nothink,4944,242,5186
mss154040165-26.jpg,google/gemini-3.5-flash#nothink,4981,192,5173
mss154040163-11.jpg,google/gemini-3.5-flash#nothink,4951,279,5230
mss154040220-11.jpg,google/gemini-3.5-flash#nothink,4981,148,5129
mss154040168-30.jpg,google/gemini-3.5-flash#nothink,4951,406,5357
mss154040228-5.jpg,google/gemini-3.5-flash#nothink,4978,167,5145
mss154040244-5.jpg,google/gemini-3.5-flash#nothink,4935,108,5043
mss154040230-14.jpg,google/gemini-3.5-flash#nothink,4951,338,5289
mss154040268-45.jpg,google/gemini-3.5-flash#nothink,4981,110,5091
mss154040268-3.jpg,google/gemini-3.5-flash#nothink,4971,74,5045
mss154040268-48.jpg,google/gemini-3.5-flash#nothink,4963,63,5026
mss154040194-2.jpg,google/gemini-3.5-flash#nothink,4973,525,5498
mss1288000636-15.jpg,google/gemini-3.5-flash#nothink,4946,3593,8539
mss154040291-2.jpg,google/gemini-3.5-flash#nothink,4963,68,5031
mss154040279-2.jpg,google/gemini-3.5-flash#nothink,4944,139,5083
mss154040278-6.jpg,google/gemini-3.5-flash#nothink,4944,132,5076
mss154040278-11.jpg,google/gemini-3.5-flash#nothink,4981,149,5130
mss154040271-18.jpg,google/gemini-3.5-flash#nothink,4951,233,5184
mss154040013-16.jpg,google/gemini-3.5-flash#nothink,4963,519,5482
mss154040373-7.jpg,google/gemini-3.5-flash#nothink,4951,73,5024
mss154040333-2.jpg,google/gemini-3.5-flash#nothink,4944,190,5134
mss154040374-5.jpg,google/gemini-3.5-flash#nothink,4981,258,5239
mss154040424-47.jpg,google/gemini-3.5-flash#nothink,4951,192,5143
mss154040230-8.jpg,google/gemini-3.5-flash#nothink,4944,368,5312
mss154040426-18.jpg,google/gemini-3.5-flash#nothink,4981,293,5274
mss154040406-8.jpg,google/gemini-3.5-flash#nothink,4981,483,5464
mss154040428-13.jpg,google/gemini-3.5-flash#nothink,4981,211,5192
mss154040478-9.jpg,google/gemini-3.5-flash#nothink,4981,69,5050
mss154040341-2.jpg,google/gemini-3.5-flash#nothink,4981,288,5269
mss154040430-20.jpg,google/gemini-3.5-flash#nothink,4971,322,5293
mss184240020-42.jpg,google/gemini-3.5-flash#nothink,4951,196,5147
mss154040266-8.jpg,google/gemini-3.5-flash#nothink,4981,1316,6297
mss184240036-71.jpg,google/gemini-3.5-flash#nothink,4963,127,5090
mss154040431-13.jpg,google/gemini-3.5-flash#nothink,4963,577,5540
mss154040387-2.jpg,google/gemini-3.5-flash#nothink,4944,582,5526
mss184240058-292.jpg,google/gemini-3.5-flash#nothink,4937,147,5084
mss184240077-19.jpg,google/gemini-3.5-flash#nothink,4978,106,5084
mss184240089-164.jpg,google/gemini-3.5-flash#nothink,4978,102,5080
mss154040487-54.jpg,google/gemini-3.5-flash#nothink,4981,165,5146
mss184240091-69.jpg,google/gemini-3.5-flash#nothink,4951,299,5250
mss154040483-95.jpg,google/gemini-3.5-flash#nothink,4959,1101,6060
mss184240051-17.jpg,google/gemini-3.5-flash#nothink,4963,463,5426
mss184240109-92.jpg,google/gemini-3.5-flash#nothink,4981,124,5105
mss184240109-16.jpg,google/gemini-3.5-flash#nothink,4963,82,5045
mss184240125-43.jpg,google/gemini-3.5-flash#nothink,4937,202,5139
mss154040483-42.jpg,google/gemini-3.5-flash#nothink,4973,1546,6519
mss184240130-127.jpg,google/gemini-3.5-flash#nothink,4978,90,5068
mss184240200-27.jpg,google/gemini-3.5-flash#nothink,4951,112,5063
mss154040483-76.jpg,google/gemini-3.5-flash#nothink,4944,1364,6308
mss184240102-80.jpg,google/gemini-3.5-flash#nothink,4978,122,5100
mss184240162-93.jpg,google/gemini-3.5-flash#nothink,4981,380,5361
mss184240143-2.jpg,google/gemini-3.5-flash#nothink,4944,464,5408
mss184240211-76.jpg,google/gemini-3.5-flash#nothink,4944,92,5036
mss184240202-4.jpg,google/gemini-3.5-flash#nothink,4963,108,5071
mss184240124-14.jpg,google/gemini-3.5-flash#nothink,4978,352,5330
mss184240235-4.jpg,google/gemini-3.5-flash#nothink,4937,248,5185
mss184240264-23.jpg,google/gemini-3.5-flash#nothink,4978,140,5118
mss184240331-29.jpg,google/gemini-3.5-flash#nothink,4971,89,5060
mss184240270-16.jpg,google/gemini-3.5-flash#nothink,4944,150,5094
mss184240331-63.jpg,google/gemini-3.5-flash#nothink,4971,97,5068
mss184240269-54.jpg,google/gemini-3.5-flash#nothink,4951,190,5141
mss184240100-72.jpg,google/gemini-3.5-flash#nothink,4944,355,5299
mss184240258-18.jpg,google/gemini-3.5-flash#nothink,4981,47,5028
mss184240345-7.jpg,google/gemini-3.5-flash#nothink,4978,97,5075
mss184240333-15.jpg,google/gemini-3.5-flash#nothink,4963,272,5235
mss3413200298-4.jpg,google/gemini-3.5-flash#nothink,4944,242,5186
mss184240352-48.jpg,google/gemini-3.5-flash#nothink,4951,279,5230
mss3413200947-29.jpg,google/gemini-3.5-flash#nothink,4951,168,5119
mss3413200106-27.jpg,google/gemini-3.5-flash#nothink,4951,276,5227
mss3413201207-9.jpg,google/gemini-3.5-flash#nothink,4951,155,5106
mss3413200668-12.jpg,google/gemini-3.5-flash#nothink,4951,413,5364
mss3413200849-32.jpg,google/gemini-3.5-flash#nothink,4944,571,5515
mss3413201344-39.jpg,google/gemini-3.5-flash#nothink,4951,259,5210
mss3413201803-7.jpg,google/gemini-3.5-flash#nothink,4963,94,5057
mss3413201214-11.jpg,google/gemini-3.5-flash#nothink,4944,472,5416
mss3413201758-21.jpg,google/gemini-3.5-flash#nothink,4944,76,5020
mss3413201202-48.jpg,google/gemini-3.5-flash#nothink,4978,289,5267
mss3413201277-2.jpg,google/gemini-3.5-flash#nothink,4944,367,5311
mss425490019-18.jpg,google/gemini-3.5-flash#nothink,4951,92,5043
mss425490038-29.jpg,google/gemini-3.5-flash#nothink,4951,69,5020
mss3413201949-23.jpg,google/gemini-3.5-flash#nothink,4944,264,5208
mss184240334-144.jpg,google/gemini-3.5-flash#nothink,4981,94,5075
mss425490043-6.jpg,google/gemini-3.5-flash#nothink,4971,134,5105
mss425490060-43.jpg,google/gemini-3.5-flash#nothink,4971,183,5154
mss83434018-1.jpg,google/gemini-3.5-flash#nothink,4944,73,5017
mss425490704-20.jpg,google/gemini-3.5-flash#nothink,4951,281,5232
mss83434026-1.jpg,google/gemini-3.5-flash#nothink,4963,102,5065
mss425490151-21.jpg,google/gemini-3.5-flash#nothink,4981,572,5553
mss83434055-2.jpg,google/gemini-3.5-flash#nothink,4978,92,5070
mss425490178-6.jpg,google/gemini-3.5-flash#nothink,4944,634,5578
mss425490168-15.jpg,google/gemini-3.5-flash#nothink,4963,824,5787
mss83434038-2.jpg,google/gemini-3.5-flash#nothink,4944,80,5024
mss3413201847-63.jpg,google/gemini-3.5-flash#nothink,4951,309,5260
mss425490301-37.jpg,google/gemini-3.5-flash#nothink,4944,634,5578
mss184240335-125.jpg,google/gemini-3.5-flash#nothink,4971,781,5752
mss83434126-149.jpg,google/gemini-3.5-flash#nothink,4981,363,5344
mss83434126-105.jpg,google/gemini-3.5-flash#nothink,4944,295,5239
mss83434033-2.jpg,google/gemini-3.5-flash#nothink,4951,840,5791
mss83434126-94.jpg,google/gemini-3.5-flash#nothink,4944,241,5185
mss83434126-187.jpg,google/gemini-3.5-flash#nothink,4951,320,5271
mss83434133-1.jpg,google/gemini-3.5-flash#nothink,4944,68,5012
mss83434126-171.jpg,google/gemini-3.5-flash#nothink,4981,383,5364
mss83434126-182.jpg,google/gemini-3.5-flash#nothink,4944,317,5261
mss83434148-3.jpg,google/gemini-3.5-flash#nothink,4973,87,5060
mss83434157-7.jpg,google/gemini-3.5-flash#nothink,4944,50,4994
mss3413201919-43.jpg,google/gemini-3.5-flash#nothink,4963,632,5595
mss425490753-19.jpg,google/gemini-3.5-flash#nothink,4951,1914,6865
mss83434126-67.jpg,google/gemini-3.5-flash#nothink,4944,205,5149
mss83434137-26.jpg,google/gemini-3.5-flash#nothink,4951,1072,6023
mss83434137-19.jpg,google/gemini-3.5-flash#nothink,4951,884,5835
mss83434182-123.jpg,google/gemini-3.5-flash#nothink,4963,1178,6141
mss83434182-139.jpg,google/gemini-3.5-flash#nothink,4963,1249,6212
mss83434182-161.jpg,google/gemini-3.5-flash#nothink,4963,1476,6439
mss83434187-3.jpg,google/gemini-3.5-flash#nothink,4963,61,5024
mss83434182-73.jpg,google/gemini-3.5-flash#nothink,4963,1165,6128
mss83434182-33.jpg,google/gemini-3.5-flash#nothink,4963,1325,6288
mss83434224-11.jpg,google/gemini-3.5-flash#nothink,4978,185,5163
mss83434192-10.jpg,google/gemini-3.5-flash#nothink,4981,130,5111
mss3413201323-27.jpg,google/gemini-3.5-flash#nothink,4951,4273,9224
mss83434136-3.jpg,google/gemini-3.5-flash#nothink,4963,830,5793
mss83434182-109.jpg,google/gemini-3.5-flash#nothink,4963,2199,7162
mss83434182-94.jpg,google/gemini-3.5-flash#nothink,4963,1095,6058
mss83434224-48.jpg,google/gemini-3.5-flash#nothink,4937,359,5296
mss83434182-82.jpg,google/gemini-3.5-flash#nothink,4963,1174,6137
mss83434224-62.jpg,google/gemini-3.5-flash#nothink,4978,537,5515
mss83434239-34.jpg,google/gemini-3.5-flash#nothink,4951,158,5109
mss83434182-138.jpg,google/gemini-3.5-flash#nothink,4937,1263,6200
mss83434250-107.jpg,google/gemini-3.5-flash#nothink,4937,397,5334
mss83434250-110.jpg,google/gemini-3.5-flash#nothink,4963,353,5316
mss83434182-30.jpg,google/gemini-3.5-flash#nothink,4989,1325,6314
mss83434224-9.jpg,google/gemini-3.5-flash#nothink,4978,131,5109
mss83434233-15.jpg,google/gemini-3.5-flash#nothink,4951,813,5764
mss83434255-39.jpg,google/gemini-3.5-flash#nothink,4937,52,4989
mss83434182-147.jpg,google/gemini-3.5-flash#nothink,4946,1502,6448
mss83434254-2.jpg,google/gemini-3.5-flash#nothink,4951,139,5090
mss83434250-12.jpg,google/gemini-3.5-flash#nothink,4946,483,5429
mss83434250-109.jpg,google/gemini-3.5-flash#nothink,4937,392,5329
mss83434250-95.jpg,google/gemini-3.5-flash#nothink,4963,687,5650
mss83434250-13.jpg,google/gemini-3.5-flash#nothink,4978,347,5325
mss83434250-129.jpg,google/gemini-3.5-flash#nothink,4937,377,5314
mss83434252-10.jpg,google/gemini-3.5-flash#nothink,4944,256,5200
mss83434251-6.jpg,google/gemini-3.5-flash#nothink,4937,680,5617
mss83434252-16.jpg,google/gemini-3.5-flash#nothink,4944,295,5239
mss83434280-3.jpg,google/gemini-3.5-flash#nothink,4963,211,5174
mss83434263-1.jpg,google/gemini-3.5-flash#nothink,4963,145,5108
mss83434254-18.jpg,google/gemini-3.5-flash#nothink,4951,675,5626
mss83434296-19.jpg,google/gemini-3.5-flash#nothink,4946,497,5443
mss83434296-26.jpg,google/gemini-3.5-flash#nothink,4946,520,5466
mss83434297-4.jpg,google/gemini-3.5-flash#nothink,4963,97,5060
mss83434255-69.jpg,google/gemini-3.5-flash#nothink,4978,709,5687
mss83434250-61.jpg,google/gemini-3.5-flash#nothink,4937,386,5323
mss83434296-47.jpg,google/gemini-3.5-flash#nothink,4963,843,5806
mss83434255-77.jpg,google/gemini-3.5-flash#nothink,4978,623,5601
mss83434298-3.jpg,google/gemini-3.5-flash#nothink,4978,157,5135
mss83434262-18.jpg,google/gemini-3.5-flash#nothink,4951,482,5433
mss83434262-14.jpg,google/gemini-3.5-flash#nothink,4978,666,5644
mss83434310-24.jpg,google/gemini-3.5-flash#nothink,4963,570,5533
mss83434310-3.jpg,google/gemini-3.5-flash#nothink,4963,602,5565
mss83434319-1.jpg,google/gemini-3.5-flash#nothink,4944,61,5005
mss83434314-36.jpg,google/gemini-3.5-flash#nothink,4963,410,5373
mss83434297-29.jpg,google/gemini-3.5-flash#nothink,4963,591,5554
mss83434314-28.jpg,google/gemini-3.5-flash#nothink,4963,377,5340
mss83434314-34.jpg,google/gemini-3.5-flash#nothink,4963,553,5516
mss83434310-8.jpg,google/gemini-3.5-flash#nothink,4937,588,5525
mss83434335-2.jpg,google/gemini-3.5-flash#nothink,4959,145,5104
mss83434297-10.jpg,google/gemini-3.5-flash#nothink,4946,436,5382
mss83434314-76.jpg,google/gemini-3.5-flash#nothink,4951,733,5684
mss83434314-25.jpg,google/gemini-3.5-flash#nothink,4951,477,5428
mss83434343-6.jpg,google/gemini-3.5-flash#nothink,4944,637,5581
mss83434224-14.jpg,google/gemini-3.5-flash#nothink,4951,424,5375
mss83434351-13.jpg,google/gemini-3.5-flash#nothink,4937,790,5727
mss83434351-26.jpg,google/gemini-3.5-flash#nothink,4978,588,5566
mss83434331-12.jpg,google/gemini-3.5-flash#nothink,4978,1132,6110
mss83434493-1.jpg,google/gemini-3.5-flash#nothink,4973,79,5052
mss83434325-4.jpg,google/gemini-3.5-flash#nothink,4944,2071,7015
mss83434482-2.jpg,google/gemini-3.5-flash#nothink,4981,353,5334
mss83434414-27.jpg,google/gemini-3.5-flash#nothink,4937,859,5796
mss83434433-2.jpg,google/gemini-3.5-flash#nothink,4951,132,5083
mss83434414-20.jpg,google/gemini-3.5-flash#nothink,4937,1208,6145
mss83434262-33.jpg,google/gemini-3.5-flash#nothink,4951,642,5593
mss83434464-3.jpg,google/gemini-3.5-flash#nothink,4951,139,5090
mss83434502-1.jpg,google/gemini-3.5-flash#nothink,4973,76,5049
mss83434414-12.jpg,google/gemini-3.5-flash#nothink,4937,889,5826
mss83434498-1.jpg,google/gemini-3.5-flash#nothink,4944,420,5364
mss83434424-65.jpg,google/gemini-3.5-flash#nothink,4978,940,5918
mss859430014-8.jpg,google/gemini-3.5-flash#nothink,4951,223,5174
mss859430020-4.jpg,google/gemini-3.5-flash#nothink,4944,190,5134
mss859430015-37.jpg,google/gemini-3.5-flash#nothink,4951,181,5132
mss83434414-23.jpg,google/gemini-3.5-flash#nothink,4937,827,5764
mss859430059-11.jpg,google/gemini-3.5-flash#nothink,4935,152,5087
mss83434495-90.jpg,google/gemini-3.5-flash#nothink,4937,594,5531
mss859430248-51.jpg,google/gemini-3.5-flash#nothink,4944,315,5259
mss859430249-3.jpg,google/gemini-3.5-flash#nothink,4960,344,5304
mss859430318-6.jpg,google/gemini-3.5-flash#nothink,4951,141,5092
mss83434504-100.jpg,google/gemini-3.5-flash#nothink,4951,364,5315
mss859430428-12.jpg,google/gemini-3.5-flash#nothink,4944,70,5014
mss859430427-16.jpg,google/gemini-3.5-flash#nothink,4973,157,5130
mss83434414-48.jpg,google/gemini-3.5-flash#nothink,4937,1069,6006
mss859430237-3.jpg,google/gemini-3.5-flash#nothink,4944,67,5011
mss83434495-95.jpg,google/gemini-3.5-flash#nothink,4937,602,5539
mss83434495-35.jpg,google/gemini-3.5-flash#nothink,4937,522,5459
mss83434495-59.jpg,google/gemini-3.5-flash#nothink,4963,627,5590
mss859430252-27.jpg,google/gemini-3.5-flash#nothink,4944,749,5693
mss83434402-9.jpg,google/gemini-3.5-flash#nothink,4951,5623,10574
